{"913b54de-b1f3-42fe-add1-f4b393db3ebe": {"e73df3ad-7734-4ac2-ac19-622d06867a58": {"DOCUMENT_META": [{"schemaType": "DOCUMENT_META", "_documentID": "00a0c47a-7ebd-11ea-bfce-02420a0000bf", "_corpusID": "913b54de-b1f3-42fe-add1-f4b393db3ebe", "file_name": "PMC7110391.xml.txt", "file_path": "/Covid19txt/custom_license/pmc_json/", "file_type": "text/plain; charset=UTF-8", "file_encoding": "UTF-8", "source": "Covid19txt.zip", "indexedLanguage": "en-EN", "detectedLanguage": "en-EN", "detectedLanguageProb": 99.99968112481798, "file_creation_date": "2020-04-15T00:34:52Z", "file_edit_date": "2020-04-15T00:34:52Z", "document_size": 21683, "file_size": 21682, "file_extension": ".txt", "annotationId": "00b0a61c-7ebd-11ea-9a1c-02420a0000bf"}]}}}