{"913b54de-b1f3-42fe-add1-f4b393db3ebe": {"e73df3ad-7734-4ac2-ac19-622d06867a58": {"DOCUMENT_META": [{"schemaType": "DOCUMENT_META", "_documentID": "00a6bdf4-7ec2-11ea-9d68-02420a0000bf", "_corpusID": "913b54de-b1f3-42fe-add1-f4b393db3ebe", "file_name": "ff35085ddf241e2b893925248d33dc946143a123.txt", "file_path": "/Covid19txt/custom_license/pdf_json/", "file_type": "text/plain; charset=UTF-8", "file_encoding": "UTF-8", "source": "Covid19txt.zip", "indexedLanguage": "en-EN", "detectedLanguage": "en-EN", "detectedLanguageProb": 99.99969581574769, "file_creation_date": "2020-04-15T00:34:20Z", "file_edit_date": "2020-04-15T00:34:20Z", "document_size": 10579, "file_size": 10578, "file_extension": ".txt", "annotationId": "00b418d2-7ec2-11ea-bc2b-02420a0000bf"}]}}}