{"913b54de-b1f3-42fe-add1-f4b393db3ebe": {"e73df3ad-7734-4ac2-ac19-622d06867a58": {"DOCUMENT_META": [{"schemaType": "DOCUMENT_META", "_documentID": "0a004be8-7eb7-11ea-b782-02420a0000bf", "_corpusID": "913b54de-b1f3-42fe-add1-f4b393db3ebe", "file_name": "PMC6174296.xml.txt", "file_path": "/Covid19txt/noncomm_use_subset/pmc_json/", "file_type": "text/plain; charset=UTF-8", "file_encoding": "UTF-8", "source": "Covid19txt.zip", "indexedLanguage": "en-EN", "detectedLanguage": "en-EN", "detectedLanguageProb": 99.99974404117322, "file_creation_date": "2020-04-15T00:34:06Z", "file_edit_date": "2020-04-15T00:34:06Z", "document_size": 34807, "file_size": 34806, "file_extension": ".txt", "annotationId": "0a110f9c-7eb7-11ea-9500-02420a0000bf"}]}}}