{"913b54de-b1f3-42fe-add1-f4b393db3ebe": {"e73df3ad-7734-4ac2-ac19-622d06867a58": {"DOCUMENT_META": [{"schemaType": "DOCUMENT_META", "_documentID": "0a1a12fa-7ec4-11ea-9b11-02420a0000bf", "_corpusID": "913b54de-b1f3-42fe-add1-f4b393db3ebe", "file_name": "ed0b47bfbf05fe2dfc7332d8dbca262fbd70fce2.txt", "file_path": "/Covid19txt/custom_license/pdf_json/", "file_type": "text/plain; charset=UTF-8", "file_encoding": "UTF-8", "source": "Covid19txt.zip", "indexedLanguage": "en-EN", "detectedLanguage": "en-EN", "detectedLanguageProb": 99.99970620715557, "file_creation_date": "2020-04-15T00:34:47Z", "file_edit_date": "2020-04-15T00:34:47Z", "document_size": 19900, "file_size": 19899, "file_extension": ".txt", "annotationId": "0a2a58ae-7ec4-11ea-b37a-02420a0000bf"}]}}}