{"913b54de-b1f3-42fe-add1-f4b393db3ebe": {"e73df3ad-7734-4ac2-ac19-622d06867a58": {"DOCUMENT_META": [{"schemaType": "DOCUMENT_META", "_documentID": "0a1a6526-7ec7-11ea-87e8-02420a0000bf", "_corpusID": "913b54de-b1f3-42fe-add1-f4b393db3ebe", "file_name": "d232d89b5f4ac564682355db1ea6e3264df72060.txt", "file_path": "/Covid19txt/custom_license/pdf_json/", "file_type": "text/plain; charset=UTF-8", "file_encoding": "UTF-8", "source": "Covid19txt.zip", "indexedLanguage": "en-EN", "detectedLanguage": "en-EN", "detectedLanguageProb": 99.99971372299356, "file_creation_date": "2020-04-15T00:34:11Z", "file_edit_date": "2020-04-15T00:34:11Z", "document_size": 7094, "file_size": 7093, "file_extension": ".txt", "annotationId": "0a27d1cc-7ec7-11ea-ae08-02420a0000bf"}]}}}