{"913b54de-b1f3-42fe-add1-f4b393db3ebe": {"e73df3ad-7734-4ac2-ac19-622d06867a58": {"DOCUMENT_META": [{"schemaType": "DOCUMENT_META", "_documentID": "0a1c53e8-7ec3-11ea-acb9-02420a0000bf", "_corpusID": "913b54de-b1f3-42fe-add1-f4b393db3ebe", "file_name": "f6542f0d080f298712d82e89b7282649fe88be11.txt", "file_path": "/Covid19txt/custom_license/pdf_json/", "file_type": "text/plain; charset=ISO-8859-1", "file_encoding": "ISO-8859-1", "source": "Covid19txt.zip", "indexedLanguage": "en-EN", "detectedLanguage": "en-EN", "detectedLanguageProb": 99.9996958426315, "file_creation_date": "2020-04-15T00:34:26Z", "file_edit_date": "2020-04-15T00:34:26Z", "document_size": 18944, "file_size": 18934, "file_extension": ".txt", "annotationId": "0a2a2788-7ec3-11ea-b8e0-02420a0000bf"}]}}}