{"913b54de-b1f3-42fe-add1-f4b393db3ebe": {"e73df3ad-7734-4ac2-ac19-622d06867a58": {"DOCUMENT_META": [{"schemaType": "DOCUMENT_META", "_documentID": "0a1e3c00-7ecd-11ea-811a-02420a0000bf", "_corpusID": "913b54de-b1f3-42fe-add1-f4b393db3ebe", "file_name": "9a6631817877e5924183cd6e4c88ac6aade44978.txt", "file_path": "/Covid19txt/custom_license/pdf_json/", "file_type": "text/plain; charset=ISO-8859-1", "file_encoding": "ISO-8859-1", "source": "Covid19txt.zip", "indexedLanguage": "en-EN", "detectedLanguage": "en-EN", "detectedLanguageProb": 99.99972269431554, "file_creation_date": "2020-04-15T00:34:32Z", "file_edit_date": "2020-04-15T00:34:32Z", "document_size": 14509, "file_size": 14508, "file_extension": ".txt", "annotationId": "0a2cde64-7ecd-11ea-8e5a-02420a0000bf"}]}}}