{"913b54de-b1f3-42fe-add1-f4b393db3ebe": {"e73df3ad-7734-4ac2-ac19-622d06867a58": {"DOCUMENT_META": [{"schemaType": "DOCUMENT_META", "_documentID": "0a1e631c-7ebc-11ea-9100-02420a0000bf", "_corpusID": "913b54de-b1f3-42fe-add1-f4b393db3ebe", "file_name": "PMC7121755.xml.txt", "file_path": "/Covid19txt/custom_license/pmc_json/", "file_type": "text/plain; charset=ISO-8859-1", "file_encoding": "ISO-8859-1", "source": "Covid19txt.zip", "indexedLanguage": "en-EN", "detectedLanguage": "en-EN", "detectedLanguageProb": 99.99959886833499, "file_creation_date": "2020-04-15T00:34:51Z", "file_edit_date": "2020-04-15T00:34:51Z", "document_size": 38, "file_size": 37, "file_extension": ".txt", "annotationId": "0a2b7230-7ebc-11ea-8f1f-02420a0000bf"}]}}}