{"913b54de-b1f3-42fe-add1-f4b393db3ebe": {"e73df3ad-7734-4ac2-ac19-622d06867a58": {"DOCUMENT_META": [{"schemaType": "DOCUMENT_META", "_documentID": "0a2bd994-7ec1-11ea-936c-02420a0000bf", "_corpusID": "913b54de-b1f3-42fe-add1-f4b393db3ebe", "file_name": "PMC3804219.xml.txt", "file_path": "/Covid19txt/custom_license/pmc_json/", "file_type": "text/plain; charset=UTF-8", "file_encoding": "UTF-8", "source": "Covid19txt.zip", "indexedLanguage": "en-EN", "detectedLanguage": "en-EN", "detectedLanguageProb": 99.999725033165, "file_creation_date": "2020-04-15T00:34:51Z", "file_edit_date": "2020-04-15T00:34:51Z", "document_size": 13622, "file_size": 13621, "file_extension": ".txt", "annotationId": "0a39eac0-7ec1-11ea-8f63-02420a0000bf"}]}}}