{"913b54de-b1f3-42fe-add1-f4b393db3ebe": {"e73df3ad-7734-4ac2-ac19-622d06867a58": {"DOCUMENT_META": [{"schemaType": "DOCUMENT_META", "_documentID": "0a2ba812-7eba-11ea-8b64-02420a0000bf", "_corpusID": "913b54de-b1f3-42fe-add1-f4b393db3ebe", "file_name": "62f47ced8c3249f702f0058dc3b6cdb93ca083eb.txt", "file_path": "/Covid19txt/noncomm_use_subset/pdf_json/", "file_type": "text/plain; charset=UTF-8", "file_encoding": "UTF-8", "source": "Covid19txt.zip", "indexedLanguage": "en-EN", "detectedLanguage": "en-EN", "detectedLanguageProb": 99.99971014720327, "file_creation_date": "2020-04-15T00:34:02Z", "file_edit_date": "2020-04-15T00:34:02Z", "document_size": 37127, "file_size": 37126, "file_extension": ".txt", "annotationId": "0a3ca966-7eba-11ea-8e9f-02420a0000bf"}]}}}