{"913b54de-b1f3-42fe-add1-f4b393db3ebe": {"e73df3ad-7734-4ac2-ac19-622d06867a58": {"DOCUMENT_META": [{"schemaType": "DOCUMENT_META", "_documentID": "0a4cb168-7ebc-11ea-bd54-02420a0000bf", "_corpusID": "913b54de-b1f3-42fe-add1-f4b393db3ebe", "file_name": "PMC7121754.xml.txt", "file_path": "/Covid19txt/custom_license/pmc_json/", "file_type": "text/plain; charset=UTF-8", "file_encoding": "UTF-8", "source": "Covid19txt.zip", "indexedLanguage": "en-EN", "detectedLanguage": "en-EN", "detectedLanguageProb": 99.99966228905845, "file_creation_date": "2020-04-15T00:34:53Z", "file_edit_date": "2020-04-15T00:34:53Z", "document_size": 12243, "file_size": 12242, "file_extension": ".txt", "annotationId": "0a5b0928-7ebc-11ea-bf68-02420a0000bf"}]}}}