{"913b54de-b1f3-42fe-add1-f4b393db3ebe": {"e73df3ad-7734-4ac2-ac19-622d06867a58": {"DOCUMENT_META": [{"schemaType": "DOCUMENT_META", "_documentID": "0a4f829c-7ebe-11ea-8ad2-02420a0000bf", "_corpusID": "913b54de-b1f3-42fe-add1-f4b393db3ebe", "file_name": "PMC7097481.xml.txt", "file_path": "/Covid19txt/custom_license/pmc_json/", "file_type": "text/plain; charset=ISO-8859-1", "file_encoding": "ISO-8859-1", "source": "Covid19txt.zip", "indexedLanguage": "en-EN", "detectedLanguage": "en-EN", "detectedLanguageProb": 99.99967648406806, "file_creation_date": "2020-04-15T00:34:53Z", "file_edit_date": "2020-04-15T00:34:53Z", "document_size": 4238, "file_size": 4237, "file_extension": ".txt", "annotationId": "0a5cb738-7ebe-11ea-9852-02420a0000bf"}]}}}