{"913b54de-b1f3-42fe-add1-f4b393db3ebe": {"e73df3ad-7734-4ac2-ac19-622d06867a58": {"DOCUMENT_META": [{"schemaType": "DOCUMENT_META", "_documentID": "0a5af1ba-7eba-11ea-9c85-02420a0000bf", "_corpusID": "913b54de-b1f3-42fe-add1-f4b393db3ebe", "file_name": "62d641575bf71e839a2c4f4c7a6dc398ef2b5a0a.txt", "file_path": "/Covid19txt/noncomm_use_subset/pdf_json/", "file_type": "text/plain; charset=ISO-8859-1", "file_encoding": "ISO-8859-1", "source": "Covid19txt.zip", "indexedLanguage": "en-EN", "detectedLanguage": "en-EN", "detectedLanguageProb": 99.99970562443897, "file_creation_date": "2020-04-15T00:34:05Z", "file_edit_date": "2020-04-15T00:34:05Z", "document_size": 6351, "file_size": 6350, "file_extension": ".txt", "annotationId": "0a691c1c-7eba-11ea-8105-02420a0000bf"}]}}}