{"913b54de-b1f3-42fe-add1-f4b393db3ebe": {"e73df3ad-7734-4ac2-ac19-622d06867a58": {"DOCUMENT_META": [{"schemaType": "DOCUMENT_META", "_documentID": "0a5eb9c0-7ec1-11ea-b40e-02420a0000bf", "_corpusID": "913b54de-b1f3-42fe-add1-f4b393db3ebe", "file_name": "PMC3798410.xml.txt", "file_path": "/Covid19txt/custom_license/pmc_json/", "file_type": "text/plain; charset=UTF-8", "file_encoding": "UTF-8", "source": "Covid19txt.zip", "indexedLanguage": "en-EN", "detectedLanguage": "en-EN", "detectedLanguageProb": 99.99970887656653, "file_creation_date": "2020-04-15T00:34:53Z", "file_edit_date": "2020-04-15T00:34:53Z", "document_size": 18918, "file_size": 18917, "file_extension": ".txt", "annotationId": "0a6e0b9a-7ec1-11ea-975a-02420a0000bf"}]}}}