{"913b54de-b1f3-42fe-add1-f4b393db3ebe": {"e73df3ad-7734-4ac2-ac19-622d06867a58": {"DOCUMENT_META": [{"schemaType": "DOCUMENT_META", "_documentID": "0a6b4938-7ec6-11ea-bd6c-02420a0000bf", "_corpusID": "913b54de-b1f3-42fe-add1-f4b393db3ebe", "file_name": "db59fbca0301f41d8427160ce935e98754b3cdfd.txt", "file_path": "/Covid19txt/custom_license/pdf_json/", "file_type": "text/plain; charset=UTF-8", "file_encoding": "UTF-8", "source": "Covid19txt.zip", "indexedLanguage": "en-EN", "detectedLanguage": "en-EN", "detectedLanguageProb": 99.99972943615361, "file_creation_date": "2020-04-15T00:34:34Z", "file_edit_date": "2020-04-15T00:34:34Z", "document_size": 16675, "file_size": 16674, "file_extension": ".txt", "annotationId": "0a7891c2-7ec6-11ea-b764-02420a0000bf"}]}}}