{"913b54de-b1f3-42fe-add1-f4b393db3ebe": {"e73df3ad-7734-4ac2-ac19-622d06867a58": {"DOCUMENT_META": [{"schemaType": "DOCUMENT_META", "_documentID": "0a6c9a78-7ec5-11ea-9549-02420a0000bf", "_corpusID": "913b54de-b1f3-42fe-add1-f4b393db3ebe", "file_name": "e3a52f51bb3e6a4eae44465cadb040c58a45ffec.txt", "file_path": "/Covid19txt/custom_license/pdf_json/", "file_type": "text/plain; charset=UTF-8", "file_encoding": "UTF-8", "source": "Covid19txt.zip", "indexedLanguage": "en-EN", "detectedLanguage": "en-EN", "detectedLanguageProb": 99.99968743880011, "file_creation_date": "2020-04-15T00:34:16Z", "file_edit_date": "2020-04-15T00:34:16Z", "document_size": 19285, "file_size": 19284, "file_extension": ".txt", "annotationId": "0a7a18c6-7ec5-11ea-ba9e-02420a0000bf"}]}}}