{"913b54de-b1f3-42fe-add1-f4b393db3ebe": {"e73df3ad-7734-4ac2-ac19-622d06867a58": {"DOCUMENT_META": [{"schemaType": "DOCUMENT_META", "_documentID": "0a7f0bec-7ece-11ea-828c-02420a0000bf", "_corpusID": "913b54de-b1f3-42fe-add1-f4b393db3ebe", "file_name": "914ac27a64e06952eeefd490cfdb111c04f202c8.txt", "file_path": "/Covid19txt/custom_license/pdf_json/", "file_type": "text/plain; charset=UTF-8", "file_encoding": "UTF-8", "source": "Covid19txt.zip", "indexedLanguage": "en-EN", "detectedLanguage": "en-EN", "detectedLanguageProb": 99.28537914292559, "file_creation_date": "2020-04-15T00:34:42Z", "file_edit_date": "2020-04-15T00:34:42Z", "document_size": 22615, "file_size": 22614, "file_extension": ".txt", "annotationId": "0a8fce70-7ece-11ea-82c1-02420a0000bf"}]}}}