{"913b54de-b1f3-42fe-add1-f4b393db3ebe": {"182b2322-9d7f-4953-834b-68219721486b": {"TOKEN": [{"_documentID": "0a06cb30-7ebb-11ea-bcd3-02420a0000bf", "category": "NP", "string": "SARS-CoV-2\u2013Positive", "offsets": [{"begin": 0, "end": 19}], "length": 19, "schemaType": "TOKEN", "stem": "sars-cov-2\u2013posit", "lemma": null, "_corpusID": "913b54de-b1f3-42fe-add1-f4b393db3ebe", "annotationId": "30a45a74-85c7-11ea-a331-02420a00008d"}, {"_documentID": "0a06cb30-7ebb-11ea-bcd3-02420a0000bf", "category": "NP", "string": "Sputum", "offsets": [{"begin": 20, "end": 26}], "length": 6, "schemaType": "TOKEN", "stem": "sputum", "lemma": null, "_corpusID": "913b54de-b1f3-42fe-add1-f4b393db3ebe", "annotationId": "30a45f80-85c7-11ea-af99-02420a00008d"}, {"_documentID": "0a06cb30-7ebb-11ea-bcd3-02420a0000bf", "category": "CC", "string": "and", "offsets": [{"begin": 27, "end": 30}], "length": 3, "schemaType": "TOKEN", "stem": "and", "lemma": "and", "_corpusID": "913b54de-b1f3-42fe-add1-f4b393db3ebe", "annotationId": "30a462e6-85c7-11ea-818b-02420a00008d"}, {"_documentID": "0a06cb30-7ebb-11ea-bcd3-02420a0000bf", "category": "NP", "string": "Feces", "offsets": [{"begin": 31, "end": 36}], "length": 5, "schemaType": "TOKEN", "stem": "fece", "lemma": null, "_corpusID": "913b54de-b1f3-42fe-add1-f4b393db3ebe", "annotationId": "30a465c8-85c7-11ea-ad4d-02420a00008d"}, {"_documentID": "0a06cb30-7ebb-11ea-bcd3-02420a0000bf", "category": "IN", "string": "After", "offsets": [{"begin": 37, "end": 42}], "length": 5, "schemaType": "TOKEN", "stem": "after", "lemma": "after", "_corpusID": "913b54de-b1f3-42fe-add1-f4b393db3ebe", "annotationId": "30a46882-85c7-11ea-9ff4-02420a00008d"}, {"_documentID": "0a06cb30-7ebb-11ea-bcd3-02420a0000bf", "category": "NP", "string": "Conversion", "offsets": [{"begin": 43, "end": 53}], "length": 10, "schemaType": "TOKEN", "stem": "convers", "lemma": null, "_corpusID": "913b54de-b1f3-42fe-add1-f4b393db3ebe", "annotationId": "30a46b2e-85c7-11ea-91a3-02420a00008d"}, {"_documentID": "0a06cb30-7ebb-11ea-bcd3-02420a0000bf", "category": "IN", "string": "of", "offsets": [{"begin": 54, "end": 56}], "length": 2, "schemaType": "TOKEN", "stem": "of", "lemma": "of", "_corpusID": "913b54de-b1f3-42fe-add1-f4b393db3ebe", "annotationId": "30a46dd0-85c7-11ea-94c5-02420a00008d"}, {"_documentID": "0a06cb30-7ebb-11ea-bcd3-02420a0000bf", "category": "NP", "string": "Pharyngeal", "offsets": [{"begin": 57, "end": 67}], "length": 10, "schemaType": "TOKEN", "stem": "pharyng", "lemma": null, "_corpusID": "913b54de-b1f3-42fe-add1-f4b393db3ebe", "annotationId": "30a47078-85c7-11ea-b3bc-02420a00008d"}, {"_documentID": "0a06cb30-7ebb-11ea-bcd3-02420a0000bf", "category": "NP", "string": "Samples", "offsets": [{"begin": 68, "end": 75}], "length": 7, "schemaType": "TOKEN", "stem": "sampl", "lemma": "Samples", "_corpusID": "913b54de-b1f3-42fe-add1-f4b393db3ebe", "annotationId": "30a47462-85c7-11ea-9811-02420a00008d"}, {"_documentID": "0a06cb30-7ebb-11ea-bcd3-02420a0000bf", "category": "IN", "string": "in", "offsets": [{"begin": 76, "end": 78}], "length": 2, "schemaType": "TOKEN", "stem": "in", "lemma": "in", "_corpusID": "913b54de-b1f3-42fe-add1-f4b393db3ebe", "annotationId": "30a47712-85c7-11ea-87fe-02420a00008d"}, {"_documentID": "0a06cb30-7ebb-11ea-bcd3-02420a0000bf", "category": "NPS", "string": "Patients", "offsets": [{"begin": 79, "end": 87}], "length": 8, "schemaType": "TOKEN", "stem": "patient", "lemma": "Patients", "_corpusID": "913b54de-b1f3-42fe-add1-f4b393db3ebe", "annotationId": "30a4799c-85c7-11ea-b68c-02420a00008d"}, {"_documentID": "0a06cb30-7ebb-11ea-bcd3-02420a0000bf", "category": "IN", "string": "With", "offsets": [{"begin": 88, "end": 92}], "length": 4, "schemaType": "TOKEN", "stem": "with", "lemma": "with", "_corpusID": "913b54de-b1f3-42fe-add1-f4b393db3ebe", "annotationId": "30a47c2e-85c7-11ea-abf9-02420a00008d"}, {"_documentID": "0a06cb30-7ebb-11ea-bcd3-02420a0000bf", "category": "NP", "string": "COVID-19", "offsets": [{"begin": 93, "end": 101}], "length": 8, "schemaType": "TOKEN", "stem": "covid-19", "lemma": null, "_corpusID": "913b54de-b1f3-42fe-add1-f4b393db3ebe", "annotationId": "30a47ec0-85c7-11ea-b707-02420a00008d"}]}}}