{"913b54de-b1f3-42fe-add1-f4b393db3ebe": {"182b2322-9d7f-4953-834b-68219721486b": {"TOKEN": [{"_documentID": "0a1e631c-7ebc-11ea-9100-02420a0000bf", "category": "NNS", "string": "B-Cells", "offsets": [{"begin": 0, "end": 7}], "length": 7, "schemaType": "TOKEN", "stem": "b-cell", "lemma": null, "_corpusID": "913b54de-b1f3-42fe-add1-f4b393db3ebe", "annotationId": "370a0780-85c5-11ea-af58-02420a00008d"}, {"_documentID": "0a1e631c-7ebc-11ea-9100-02420a0000bf", "category": "CC", "string": "and", "offsets": [{"begin": 8, "end": 11}], "length": 3, "schemaType": "TOKEN", "stem": "and", "lemma": "and", "_corpusID": "913b54de-b1f3-42fe-add1-f4b393db3ebe", "annotationId": "370a0e0c-85c5-11ea-8737-02420a00008d"}, {"_documentID": "0a1e631c-7ebc-11ea-9100-02420a0000bf", "category": "NNS", "string": "Antibodies", "offsets": [{"begin": 12, "end": 22}], "length": 10, "schemaType": "TOKEN", "stem": "antibodi", "lemma": "antibody", "_corpusID": "913b54de-b1f3-42fe-add1-f4b393db3ebe", "annotationId": "370a120a-85c5-11ea-8055-02420a00008d"}, {"_documentID": "0a1e631c-7ebc-11ea-9100-02420a0000bf", "category": "IN", "string": "in", "offsets": [{"begin": 23, "end": 25}], "length": 2, "schemaType": "TOKEN", "stem": "in", "lemma": "in", "_corpusID": "913b54de-b1f3-42fe-add1-f4b393db3ebe", "annotationId": "370a1598-85c5-11ea-b1f5-02420a00008d"}, {"_documentID": "0a1e631c-7ebc-11ea-9100-02420a0000bf", "category": "NP", "string": "Old", "offsets": [{"begin": 26, "end": 29}], "length": 3, "schemaType": "TOKEN", "stem": "old", "lemma": "Old", "_corpusID": "913b54de-b1f3-42fe-add1-f4b393db3ebe", "annotationId": "370a18de-85c5-11ea-980f-02420a00008d"}, {"_documentID": "0a1e631c-7ebc-11ea-9100-02420a0000bf", "category": "NP", "string": "Humans", "offsets": [{"begin": 30, "end": 36}], "length": 6, "schemaType": "TOKEN", "stem": "human", "lemma": null, "_corpusID": "913b54de-b1f3-42fe-add1-f4b393db3ebe", "annotationId": "370a1c14-85c5-11ea-b3f9-02420a00008d"}]}}}